iso3,year,eps
AUS,1990,0.16666667
AUS,1991,0.16666667
AUS,1992,0.16666667
AUS,1993,0.16666667
AUS,1994,0.16666667
AUS,1995,0.16666667
AUS,1996,0.16666667
AUS,1997,0.16666667
AUS,1998,0.5
AUS,1999,0.5
AUS,2000,0.83333331
AUS,2001,0.8888889
AUS,2002,1.1388888
AUS,2003,1.1388888
AUS,2004,1.4722222
AUS,2005,1.8055556
AUS,2006,2.2222223
AUS,2007,2.2222223
AUS,2008,2.3611112
AUS,2009,2.5277777
AUS,2010,2.8333333
AUS,2011,3
AUS,2012,3.4166667
AUS,2013,3.5277777
AUS,2014,2.6944444
AUS,2015,2.6944444
AUS,2016,2.6944444
AUS,2017,2.75
AUS,2018,2.8611112
AUS,2019,2.8611112
AUS,2020,2.9166667
AUT,1990,1.3888888
AUT,1991,1.3888888
AUT,1992,1.3888888
AUT,1993,1.3888888
AUT,1994,1.3888888
AUT,1995,1.611111
AUT,1996,1.611111
AUT,1997,1.611111
AUT,1998,1.611111
AUT,1999,1.611111
AUT,2000,1.8888888
AUT,2001,1.8888888
AUT,2002,1.8888888
AUT,2003,2.1944444
AUT,2004,2.1944444
AUT,2005,2.3055556
AUT,2006,2.5277777
AUT,2007,2.25
AUT,2008,2.6666667
AUT,2009,2.9444444
AUT,2010,3.0833333
AUT,2011,3.0555556
AUT,2012,2.9444444
AUT,2013,3.2777777
AUT,2014,3.1111112
AUT,2015,2.9444444
AUT,2016,2.9444444
AUT,2017,2.9444444
AUT,2018,3.0833333
AUT,2019,3.1388888
AUT,2020,3.3055556
BEL,1990,0.8888889
BEL,1991,0.8888889
BEL,1992,0.94444442
BEL,1993,0.94444442
BEL,1994,1.1111112
BEL,1995,1.1111112
BEL,1996,1.1111112
BEL,1997,1.1111112
BEL,1998,1.2777778
BEL,1999,1.1111112
BEL,2000,1.5555556
BEL,2001,1.5555556
BEL,2002,1.6111112
BEL,2003,1.5555556
BEL,2004,2.4722223
BEL,2005,2.5833333
BEL,2006,2.6388888
BEL,2007,2.3055556
BEL,2008,2.6388888
BEL,2009,2.6666667
BEL,2010,2.5555556
BEL,2011,2.9444444
BEL,2012,3.0555556
BEL,2013,2.9444444
BEL,2014,2.9444444
BEL,2015,2.8333333
BEL,2016,2.8888888
BEL,2017,2.9444444
BEL,2018,3
BEL,2019,3.2222223
BEL,2020,3.4444444
BRA,1990,0.16666667
BRA,1991,0.16666667
BRA,1992,0.16666667
BRA,1993,0.16666667
BRA,1994,0.16666667
BRA,1995,0.22222222
BRA,1996,0.22222222
BRA,1997,0.22222222
BRA,1998,0.22222222
BRA,1999,0.22222222
BRA,2000,0.22222222
BRA,2001,0.27777779
BRA,2002,0.83333331
BRA,2003,0.75
BRA,2004,0.55555558
BRA,2005,0.55555558
BRA,2006,0.55555558
BRA,2007,0.22222222
BRA,2008,0.22222222
BRA,2009,0.22222222
BRA,2010,0.22222222
BRA,2011,0.16666667
BRA,2012,0.25
BRA,2013,0.58333331
BRA,2014,0.58333331
BRA,2015,0.6388889
BRA,2016,0.8888889
BRA,2017,0.8888889
BRA,2018,0.8888889
BRA,2019,0.8888889
BRA,2020,0.8888889
CAN,1990,0.66666669
CAN,1991,0.66666669
CAN,1992,0.66666669
CAN,1993,0.72222221
CAN,1994,0.72222221
CAN,1995,0.72222221
CAN,1996,0.5
CAN,1997,0.83333331
CAN,1998,0.83333331
CAN,1999,0.83333331
CAN,2000,0.72222221
CAN,2001,0.72222221
CAN,2002,0.72222221
CAN,2003,1.8888888
CAN,2004,1.8888888
CAN,2005,2.0555556
CAN,2006,2.4722223
CAN,2007,2.8611112
CAN,2008,2.9444444
CAN,2009,3.1944444
CAN,2010,3.6111112
CAN,2011,3.6111112
CAN,2012,3.4444444
CAN,2013,3.4444444
CAN,2014,3.1944444
CAN,2015,2.5277777
CAN,2016,2.3611112
CAN,2017,2.5833333
CAN,2018,2.6944444
CAN,2019,2.6388888
CAN,2020,3.0277777
CHE,1990,1.5
CHE,1991,1.75
CHE,1992,1.6666666
CHE,1993,1.6666666
CHE,1994,2.3333333
CHE,1995,2.3333333
CHE,1996,2.3333333
CHE,1997,2.3333333
CHE,1998,2.1666667
CHE,1999,2.1666667
CHE,2000,2.25
CHE,2001,2.25
CHE,2002,2.25
CHE,2003,2.25
CHE,2004,2.25
CHE,2005,2.2777777
CHE,2006,2.2777777
CHE,2007,2.5277777
CHE,2008,3.1666667
CHE,2009,3.3611112
CHE,2010,3.3333333
CHE,2011,3.5555556
CHE,2012,3.6388888
CHE,2013,3.6388888
CHE,2014,4.0555553
CHE,2015,4.0277777
CHE,2016,4.1388888
CHE,2017,4.1388888
CHE,2018,4.4166665
CHE,2019,4.2222223
CHE,2020,4.5
CHL,1990,0
CHL,1991,0
CHL,1992,0
CHL,1993,0
CHL,1994,0
CHL,1995,0
CHL,1996,0
CHL,1997,0
CHL,1998,0
CHL,1999,0
CHL,2000,0.11111111
CHL,2001,0.11111111
CHL,2002,0.16666667
CHL,2003,0.19444445
CHL,2004,0.19444445
CHL,2005,0.44444445
CHL,2006,0.52777779
CHL,2007,0.52777779
CHL,2008,0.52777779
CHL,2009,0.52777779
CHL,2010,0.58333331
CHL,2011,0.58333331
CHL,2012,1.9166666
CHL,2013,1.9166666
CHL,2014,1.9166666
CHL,2015,1.9722222
CHL,2016,1.9722222
CHL,2017,2.0277777
CHL,2018,2.0277777
CHL,2019,2.0277777
CHL,2020,2.0277777
CHN,1990,0
CHN,1991,0
CHN,1992,0.055555556
CHN,1993,0.055555556
CHN,1994,0.055555556
CHN,1995,0.055555556
CHN,1996,0.055555556
CHN,1997,0.22222222
CHN,1998,0.22222222
CHN,1999,0.22222222
CHN,2000,0.22222222
CHN,2001,0.22222222
CHN,2002,0.30555555
CHN,2003,0.3611111
CHN,2004,0.69444442
CHN,2005,0.69444442
CHN,2006,0.69444442
CHN,2007,0.69444442
CHN,2008,0.80555558
CHN,2009,0.97222221
CHN,2010,1.3055556
CHN,2011,1.4722222
CHN,2012,2.4722223
CHN,2013,2.5277777
CHN,2014,2.75
CHN,2015,2.8888888
CHN,2016,2.7777777
CHN,2017,2.8333333
CHN,2018,2.8611112
CHN,2019,2.9444444
CHN,2020,3.1388888
CZE,1990,0.6111111
CZE,1991,0.8888889
CZE,1992,1.0555556
CZE,1993,1.0555556
CZE,1994,0.8888889
CZE,1995,0.80555552
CZE,1996,0.80555552
CZE,1997,1.3333334
CZE,1998,1.3333334
CZE,1999,1.3333334
CZE,2000,1.4166666
CZE,2001,1.4166666
CZE,2002,2.1666667
CZE,2003,2.4166667
CZE,2004,2.4166667
CZE,2005,2.4166667
CZE,2006,2.7222223
CZE,2007,2.6388888
CZE,2008,3.0833333
CZE,2009,3.1944444
CZE,2010,3.1111112
CZE,2011,3.1111112
CZE,2012,3.25
CZE,2013,3
CZE,2014,2.5
CZE,2015,2.5555556
CZE,2016,2.7222223
CZE,2017,2.7222223
CZE,2018,2.8888888
CZE,2019,3.1111112
CZE,2020,2.9444444
DEU,1990,1.4444444
DEU,1991,1.6944444
DEU,1992,1.6111112
DEU,1993,1.6111112
DEU,1994,1.6666666
DEU,1995,1.5
DEU,1996,1.6944444
DEU,1997,1.4444444
DEU,1998,1.5833334
DEU,1999,1.5
DEU,2000,1.7777778
DEU,2001,1.7777778
DEU,2002,2.4166667
DEU,2003,2.6666667
DEU,2004,2.7777777
DEU,2005,2.8888888
DEU,2006,2.9444444
DEU,2007,2.7777777
DEU,2008,3.0277777
DEU,2009,3.1388888
DEU,2010,3.0833333
DEU,2011,3.1666667
DEU,2012,3.0555556
DEU,2013,3.2222223
DEU,2014,3.1111112
DEU,2015,3.0277777
DEU,2016,3.0833333
DEU,2017,3.0277777
DEU,2018,3.25
DEU,2019,3.3055556
DEU,2020,3.4722223
DNK,1990,0.41666666
DNK,1991,0.94444442
DNK,1992,1.2777778
DNK,1993,1.1666666
DNK,1994,1.1666666
DNK,1995,1.1666666
DNK,1996,1.5
DNK,1997,1.5
DNK,1998,1.4444444
DNK,1999,1.5555556
DNK,2000,2
DNK,2001,2
DNK,2002,1.888889
DNK,2003,2.6388888
DNK,2004,2.8055556
DNK,2005,3.0277777
DNK,2006,3.1388888
DNK,2007,3.1388888
DNK,2008,3.1944444
DNK,2009,3.4166667
DNK,2010,4.0833335
DNK,2011,4.2222223
DNK,2012,3.8888888
DNK,2013,4.0555553
DNK,2014,4.1111112
DNK,2015,4.0277777
DNK,2016,3.9444444
DNK,2017,4.0277777
DNK,2018,3.7777777
DNK,2019,3.6666667
DNK,2020,3.7222223
ESP,1990,0.72222221
ESP,1991,1.1111112
ESP,1992,1.1111112
ESP,1993,1.1111112
ESP,1994,1.2777778
ESP,1995,1.1111112
ESP,1996,1.1111112
ESP,1997,1.1111112
ESP,1998,1.1111112
ESP,1999,1.1944444
ESP,2000,1.4722222
ESP,2001,1.4722222
ESP,2002,1.4722222
ESP,2003,1.4722222
ESP,2004,2.2222223
ESP,2005,2.3611112
ESP,2006,2.3888888
ESP,2007,2.4722223
ESP,2008,2.5555556
ESP,2009,2.6666667
ESP,2010,2.6111112
ESP,2011,2.8333333
ESP,2012,2.8055556
ESP,2013,2.2222223
ESP,2014,2.3888888
ESP,2015,2.3888888
ESP,2016,2.2777777
ESP,2017,2.2777777
ESP,2018,2.4444444
ESP,2019,2.4444444
ESP,2020,2.5
EST,1990,0.083333336
EST,1991,0.083333336
EST,1992,0.083333336
EST,1993,0.083333336
EST,1994,0.083333336
EST,1995,0.083333336
EST,1996,0.19444445
EST,1997,0.19444445
EST,1998,0.19444445
EST,1999,0.3611111
EST,2000,1.5
EST,2001,2
EST,2002,2
EST,2003,2.1666667
EST,2004,2.9166667
EST,2005,3.1944444
EST,2006,3.3055556
EST,2007,3.1388888
EST,2008,3.4722223
EST,2009,3.5
EST,2010,3.5555556
EST,2011,3.0555556
EST,2012,2.5277777
EST,2013,3.6111112
EST,2014,3.7222223
EST,2015,3.7222223
EST,2016,3.7222223
EST,2017,3.7777777
EST,2018,3.3333333
EST,2019,3.1666667
EST,2020,3.2777777
FIN,1990,1.5833334
FIN,1991,1.7222222
FIN,1992,1.8888888
FIN,1993,1.8888888
FIN,1994,1.8333334
FIN,1995,2
FIN,1996,1.8333334
FIN,1997,2.2222223
FIN,1998,2.0555556
FIN,1999,2.0555556
FIN,2000,2.0833333
FIN,2001,2.0833333
FIN,2002,2.5833333
FIN,2003,2.4166667
FIN,2004,2.6388888
FIN,2005,2.75
FIN,2006,2.9722223
FIN,2007,2.9722223
FIN,2008,3.1944444
FIN,2009,3.1666667
FIN,2010,3.1111112
FIN,2011,3.75
FIN,2012,3.6388888
FIN,2013,3.6388888
FIN,2014,3.6944444
FIN,2015,3.8611112
FIN,2016,3.8333333
FIN,2017,3.8333333
FIN,2018,3.9166667
FIN,2019,3.8055556
FIN,2020,4.1111112
FRA,1990,1.4444444
FRA,1991,1.3333334
FRA,1992,1.3333334
FRA,1993,1.3333334
FRA,1994,1.3888888
FRA,1995,1.3888888
FRA,1996,1.4722222
FRA,1997,1.4722222
FRA,1998,1.4722222
FRA,1999,1.6388888
FRA,2000,1.75
FRA,2001,1.6666666
FRA,2002,2
FRA,2003,2.0833333
FRA,2004,2.8333333
FRA,2005,2.8611112
FRA,2006,3.0833333
FRA,2007,3.25
FRA,2008,3.4166667
FRA,2009,3.6944444
FRA,2010,3.6111112
FRA,2011,3.9444444
FRA,2012,3.9166667
FRA,2013,3.9166667
FRA,2014,4.2222223
FRA,2015,4.0277777
FRA,2016,3.9166667
FRA,2017,4.1666665
FRA,2018,4.5555553
FRA,2019,4.7222223
FRA,2020,4.8888888
GBR,1990,1.1111112
GBR,1991,1.1111112
GBR,1992,1.1111112
GBR,1993,0.94444442
GBR,1994,1
GBR,1995,1
GBR,1996,1
GBR,1997,1
GBR,1998,1
GBR,1999,1
GBR,2000,1.3333334
GBR,2001,1.3333334
GBR,2002,1.3333334
GBR,2003,2.1388888
GBR,2004,2.1388888
GBR,2005,2.3055556
GBR,2006,2.4166667
GBR,2007,2.25
GBR,2008,2.4722223
GBR,2009,2.6666667
GBR,2010,3.3611112
GBR,2011,3.3333333
GBR,2012,2.8888888
GBR,2013,3.2222223
GBR,2014,3.75
GBR,2015,3.8611112
GBR,2016,3.3611112
GBR,2017,3.4722223
GBR,2018,3.5277777
GBR,2019,3.5277777
GBR,2020,3.6111112
GRC,1990,0.3611111
GRC,1991,0.47222224
GRC,1992,0.52777779
GRC,1993,0.94444442
GRC,1994,1.1666666
GRC,1995,1.1666666
GRC,1996,1.1111112
GRC,1997,1.1111112
GRC,1998,1.1944444
GRC,1999,1.1111112
GRC,2000,1.3888888
GRC,2001,1.3888888
GRC,2002,1.3888888
GRC,2003,1.4722222
GRC,2004,1.4166666
GRC,2005,1.7777778
GRC,2006,1.8888888
GRC,2007,1.9722222
GRC,2008,2.25
GRC,2009,2.4444444
GRC,2010,2.6111112
GRC,2011,2.75
GRC,2012,2.6388888
GRC,2013,2.5833333
GRC,2014,2.8888888
GRC,2015,3.0555556
GRC,2016,2.8888888
GRC,2017,2.8611112
GRC,2018,2.8611112
GRC,2019,2.8333333
GRC,2020,2.8888888
HUN,1990,0.1388889
HUN,1991,0.30555555
HUN,1992,0.3611111
HUN,1993,0.3611111
HUN,1994,0.3611111
HUN,1995,0.52777779
HUN,1996,0.52777779
HUN,1997,0.52777779
HUN,1998,0.58333331
HUN,1999,0.52777779
HUN,2000,1.2222222
HUN,2001,1.4722222
HUN,2002,1.6111112
HUN,2003,2.3611112
HUN,2004,2.2222223
HUN,2005,2.8333333
HUN,2006,2.9722223
HUN,2007,2.7777777
HUN,2008,3.0555556
HUN,2009,3.6388888
HUN,2010,3.5277777
HUN,2011,3.6666667
HUN,2012,3.5555556
HUN,2013,2.8888888
HUN,2014,2.8888888
HUN,2015,2.9722223
HUN,2016,2.6944444
HUN,2017,3.1111112
HUN,2018,2.6944444
HUN,2019,2.75
HUN,2020,2.8055556
IDN,1990,0.16666667
IDN,1991,0.16666667
IDN,1992,0.16666667
IDN,1993,0.16666667
IDN,1994,0.16666667
IDN,1995,0.25
IDN,1996,0.25
IDN,1997,0.25
IDN,1998,0.25
IDN,1999,0.25
IDN,2000,0.25
IDN,2001,0.25
IDN,2002,0.25
IDN,2003,0.25
IDN,2004,0.25
IDN,2005,0.25
IDN,2006,0.33333334
IDN,2007,0.33333334
IDN,2008,0.33333334
IDN,2009,0.33333334
IDN,2010,0.66666669
IDN,2011,0.83333331
IDN,2012,0.83333331
IDN,2013,0.75
IDN,2014,0.75
IDN,2015,0.75
IDN,2016,1.0833334
IDN,2017,1.25
IDN,2018,1.3055556
IDN,2019,1.5555556
IDN,2020,1.6388888
IND,1990,0.6388889
IND,1991,0.6388889
IND,1992,0.69444442
IND,1993,0.69444442
IND,1994,0.69444442
IND,1995,0.77777779
IND,1996,0.77777779
IND,1997,0.8611111
IND,1998,0.8611111
IND,1999,0.8611111
IND,2000,0.91666669
IND,2001,0.91666669
IND,2002,1.0555556
IND,2003,1.3055556
IND,2004,1.3055556
IND,2005,1.5555556
IND,2006,1.5555556
IND,2007,1.5
IND,2008,1.5
IND,2009,1.5833334
IND,2010,1.6944444
IND,2011,1.7777778
IND,2012,1.8611112
IND,2013,1.7777778
IND,2014,1.8611112
IND,2015,1.9722222
IND,2016,2.5277777
IND,2017,2.5277777
IND,2018,2.6944444
IND,2019,2.6944444
IND,2020,2.8333333
IRL,1990,0.52777779
IRL,1991,0.47222224
IRL,1992,0.52777779
IRL,1993,0.52777779
IRL,1994,0.52777779
IRL,1995,0.52777779
IRL,1996,0.8888889
IRL,1997,0.8888889
IRL,1998,0.94444442
IRL,1999,0.94444442
IRL,2000,1.2222222
IRL,2001,1.1666666
IRL,2002,1.2222222
IRL,2003,1.9722222
IRL,2004,2.0277777
IRL,2005,2.0833333
IRL,2006,2.4444444
IRL,2007,2.3611112
IRL,2008,2.6388888
IRL,2009,2.6666667
IRL,2010,2.6666667
IRL,2011,2.5833333
IRL,2012,2.5833333
IRL,2013,2.8055556
IRL,2014,2.8611112
IRL,2015,2.8611112
IRL,2016,2.5
IRL,2017,2.4444444
IRL,2018,2.5
IRL,2019,2.5555556
IRL,2020,3
ISL,1990,0
ISL,1991,0
ISL,1992,0
ISL,1993,0
ISL,1994,0
ISL,1995,0
ISL,1996,0
ISL,1997,0
ISL,1998,0
ISL,1999,0
ISL,2000,0
ISL,2001,0
ISL,2002,0
ISL,2003,0
ISL,2004,0
ISL,2005,0
ISL,2006,0
ISL,2007,0
ISL,2008,0.72222221
ISL,2009,0.6111111
ISL,2010,0.66666669
ISL,2011,0.8888889
ISL,2012,0.72222221
ISL,2013,0.72222221
ISL,2014,0.72222221
ISL,2015,0.72222221
ISL,2016,0.72222221
ISL,2017,0.77777779
ISL,2018,1
ISL,2019,1
ISL,2020,1
ISR,1990,0
ISR,1991,0
ISR,1992,0
ISR,1993,0.33333334
ISR,1994,0.16666667
ISR,1995,0.33333334
ISR,1996,0.055555556
ISR,1997,0.055555556
ISR,1998,0.11111111
ISR,1999,0.055555556
ISR,2000,0.055555556
ISR,2001,0.055555556
ISR,2002,0.055555556
ISR,2003,0.47222221
ISR,2004,0.47222221
ISR,2005,0.47222221
ISR,2006,0.47222221
ISR,2007,0.47222221
ISR,2008,0.47222221
ISR,2009,1.3055556
ISR,2010,1.3888888
ISR,2011,1.4722222
ISR,2012,1.3888888
ISR,2013,1.2222222
ISR,2014,0.55555558
ISR,2015,0.6111111
ISR,2016,0.6111111
ISR,2017,0.77777779
ISR,2018,0.8611111
ISR,2019,0.8611111
ISR,2020,1.0833334
ITA,1990,1.6111112
ITA,1991,1.5
ITA,1992,1.5833334
ITA,1993,1.3333334
ITA,1994,1.3333334
ITA,1995,1.4166666
ITA,1996,1.4166666
ITA,1997,1.3333334
ITA,1998,1.5833334
ITA,1999,1.5
ITA,2000,1.7777778
ITA,2001,1.7777778
ITA,2002,1.9166666
ITA,2003,1.9166666
ITA,2004,1.9722222
ITA,2005,2.2222223
ITA,2006,3.1388888
ITA,2007,2.9722223
ITA,2008,3.0833333
ITA,2009,3.2777777
ITA,2010,3.4722223
ITA,2011,3.5
ITA,2012,3.5833333
ITA,2013,3.6666667
ITA,2014,4
ITA,2015,4.0555553
ITA,2016,4.0555553
ITA,2017,4.0555553
ITA,2018,3.7777777
ITA,2019,3.75
ITA,2020,3.7222223
JPN,1990,1.5833334
JPN,1991,1.5833334
JPN,1992,1.5833334
JPN,1993,1.5833334
JPN,1994,1.6388888
JPN,1995,1.75
JPN,1996,1.9444444
JPN,1997,1.9444444
JPN,1998,2.1111112
JPN,1999,2.6111112
JPN,2000,2.6944444
JPN,2001,2.6944444
JPN,2002,2.6944444
JPN,2003,2.75
JPN,2004,3.0277777
JPN,2005,3.0277777
JPN,2006,2.9722223
JPN,2007,3.0555556
JPN,2008,3
JPN,2009,3.1111112
JPN,2010,3.2222221
JPN,2011,3.4166667
JPN,2012,4.0555553
JPN,2013,3.8333333
JPN,2014,3.8333333
JPN,2015,3.7222221
JPN,2016,3.9444444
JPN,2017,3.8888888
JPN,2018,3.6111112
JPN,2019,3.7777777
JPN,2020,3.7777777
KOR,1990,0.083333336
KOR,1991,0.33333334
KOR,1992,0.33333334
KOR,1993,0.33333334
KOR,1994,0.33333334
KOR,1995,0.33333334
KOR,1996,0.75
KOR,1997,0.75
KOR,1998,0.75
KOR,1999,0.83333331
KOR,2000,0.8888889
KOR,2001,0.8888889
KOR,2002,1.3888888
KOR,2003,1.8055556
KOR,2004,2.2222223
KOR,2005,3.1388888
KOR,2006,3.3055556
KOR,2007,3.3055556
KOR,2008,3.1388888
KOR,2009,3.3055556
KOR,2010,3.3888888
KOR,2011,3.6111112
KOR,2012,3
KOR,2013,3
KOR,2014,2.8333333
KOR,2015,2.9444444
KOR,2016,3
KOR,2017,3
KOR,2018,3.1111112
KOR,2019,3.1666667
KOR,2020,3.1666667
LUX,1990,1.1666666
LUX,1991,1.1666666
LUX,1992,1.2222222
LUX,1993,1.2777778
LUX,1994,1.5277778
LUX,1995,1.5277778
LUX,1996,1.5277778
LUX,1997,1.5277778
LUX,1998,1.5277778
LUX,1999,1.5277778
LUX,2000,1.7222222
LUX,2001,1.8055556
LUX,2002,2.3888888
LUX,2003,2.4722223
LUX,2004,2.4722223
LUX,2005,2.4166667
LUX,2006,2.6388888
LUX,2007,2.5555556
LUX,2008,2.8888888
LUX,2009,2.9166667
LUX,2010,2.9444444
LUX,2011,3.75
LUX,2012,3.8055556
LUX,2013,3.8055556
LUX,2014,3.8888888
LUX,2015,3.8888888
LUX,2016,3.9444444
LUX,2017,3.8888888
LUX,2018,3.9444444
LUX,2019,4.1666665
LUX,2020,4.2222223
MEX,1990,0
MEX,1991,0
MEX,1992,0.055555556
MEX,1993,0.1388889
MEX,1994,0.72222221
MEX,1995,0.6111111
MEX,1996,0.55555558
MEX,1997,0.6111111
MEX,1998,0.97222221
MEX,1999,1.0277778
MEX,2000,0.91666669
MEX,2001,0.97222221
MEX,2002,0.97222221
MEX,2003,0.91666669
MEX,2004,0.80555558
MEX,2005,0.80555558
MEX,2006,0.75
MEX,2007,0.75
MEX,2008,0.75
MEX,2009,0.80555558
MEX,2010,0.75
MEX,2011,0.75
MEX,2012,1.25
MEX,2013,1.4166666
MEX,2014,1.4722222
MEX,2015,1.4722222
MEX,2016,1.4722222
MEX,2017,1.4722222
MEX,2018,1.4722222
MEX,2019,1.5833334
MEX,2020,1.5833334
NLD,1990,1.5555556
NLD,1991,1.5555556
NLD,1992,1.5555556
NLD,1993,1.5555556
NLD,1994,1.6111112
NLD,1995,1.4444444
NLD,1996,1.3888888
NLD,1997,1.4444444
NLD,1998,1.5
NLD,1999,1.4444444
NLD,2000,1.5555556
NLD,2001,1.7222222
NLD,2002,1.611111
NLD,2003,1.7777778
NLD,2004,1.8055556
NLD,2005,2.75
NLD,2006,2.7777777
NLD,2007,2.7777777
NLD,2008,3.2222223
NLD,2009,3.5555556
NLD,2010,3.75
NLD,2011,3.1666667
NLD,2012,3.1388888
NLD,2013,3.0555556
NLD,2014,3.1111112
NLD,2015,3.1944444
NLD,2016,3.3333333
NLD,2017,3.1111112
NLD,2018,3.5
NLD,2019,3.4722223
NLD,2020,3.4722223
NOR,1990,0.47222221
NOR,1991,0.91666669
NOR,1992,1.5277778
NOR,1993,1.5833334
NOR,1994,1.4166666
NOR,1995,1.5277778
NOR,1996,1.5277778
NOR,1997,1.4166666
NOR,1998,1.4166666
NOR,1999,1.3611112
NOR,2000,1.6388888
NOR,2001,1.5277778
NOR,2002,2.3611112
NOR,2003,2.25
NOR,2004,2.25
NOR,2005,2.4722223
NOR,2006,2.4722223
NOR,2007,2.8055556
NOR,2008,2.9722223
NOR,2009,3.6666667
NOR,2010,3.6666667
NOR,2011,3.7222223
NOR,2012,3.6666667
NOR,2013,3.6666667
NOR,2014,3.7222223
NOR,2015,3.7222223
NOR,2016,3.7222223
NOR,2017,3.7222223
NOR,2018,3.8333333
NOR,2019,3.8888888
NOR,2020,3.9444444
NZL,1990,0.27777779
NZL,1991,0.22222222
NZL,1992,0.22222222
NZL,1993,0.22222222
NZL,1994,0.22222222
NZL,1995,0.22222222
NZL,1996,0.22222222
NZL,1997,0.22222222
NZL,1998,0.30555555
NZL,1999,0.30555555
NZL,2000,0.30555555
NZL,2001,0.30555555
NZL,2002,0.30555555
NZL,2003,0.30555555
NZL,2004,0.30555555
NZL,2005,0.30555555
NZL,2006,0.30555555
NZL,2007,0.6388889
NZL,2008,0.80555558
NZL,2009,0.8888889
NZL,2010,0.83333331
NZL,2011,0.83333331
NZL,2012,0.77777779
NZL,2013,0.77777779
NZL,2014,0.77777779
NZL,2015,0.77777779
NZL,2016,0.83333331
NZL,2017,0.83333331
NZL,2018,0.83333331
NZL,2019,0.83333331
NZL,2020,0.83333331
POL,1990,0.58333331
POL,1991,0.52777779
POL,1992,0.58333331
POL,1993,0.6388889
POL,1994,0.6388889
POL,1995,0.75
POL,1996,0.75
POL,1997,0.75
POL,1998,0.80555552
POL,1999,0.80555552
POL,2000,1.1388888
POL,2001,1.2777778
POL,2002,1.2777778
POL,2003,1.2777778
POL,2004,1.3333334
POL,2005,2.0833333
POL,2006,2.3611112
POL,2007,2.25
POL,2008,2.5833333
POL,2009,2.7777777
POL,2010,2.9444444
POL,2011,3
POL,2012,2.7222223
POL,2013,2.8888888
POL,2014,2.9444444
POL,2015,2.9444444
POL,2016,2.8333333
POL,2017,2.8888888
POL,2018,3.0555556
POL,2019,3.4166667
POL,2020,3.4722223
PRT,1990,0.69444442
PRT,1991,0.69444442
PRT,1992,0.75
PRT,1993,1.1111112
PRT,1994,1.1111112
PRT,1995,1.1666666
PRT,1996,1.361111
PRT,1997,1.361111
PRT,1998,1.4166666
PRT,1999,1.361111
PRT,2000,1.3055556
PRT,2001,1.3888888
PRT,2002,1.4444444
PRT,2003,2.2777777
PRT,2004,2.2777777
PRT,2005,2.6666667
PRT,2006,2.6944444
PRT,2007,2.3611112
PRT,2008,2.6944444
PRT,2009,2.75
PRT,2010,2.75
PRT,2011,2.9166667
PRT,2012,2.8055556
PRT,2013,2.8055556
PRT,2014,2.1111112
PRT,2015,2.1666667
PRT,2016,2.3888888
PRT,2017,2.3888888
PRT,2018,2.3888888
PRT,2019,2.6666667
PRT,2020,2.7777777
RUS,1990,0
RUS,1991,0
RUS,1992,0
RUS,1993,0.055555556
RUS,1994,0.055555556
RUS,1995,0.055555556
RUS,1996,0.055555556
RUS,1997,0.55555558
RUS,1998,0.55555558
RUS,1999,0.55555558
RUS,2000,0.55555558
RUS,2001,0.6111111
RUS,2002,0.6111111
RUS,2003,0.72222221
RUS,2004,0.66666669
RUS,2005,0.66666669
RUS,2006,0.66666669
RUS,2007,0.66666669
RUS,2008,0.66666669
RUS,2009,0.66666669
RUS,2010,0.66666669
RUS,2011,0.66666669
RUS,2012,0.66666669
RUS,2013,1.0833334
RUS,2014,1.0833334
RUS,2015,1.0833334
RUS,2016,1.1666666
RUS,2017,1.1666666
RUS,2018,1.1666666
RUS,2019,1.1666666
RUS,2020,1.1666666
SVK,1990,0.3611111
SVK,1991,0.3611111
SVK,1992,0.3611111
SVK,1993,0.3611111
SVK,1994,0.3611111
SVK,1995,0.3611111
SVK,1996,0.3611111
SVK,1997,0.3611111
SVK,1998,0.3611111
SVK,1999,0.3611111
SVK,2000,1.1388888
SVK,2001,1.1388888
SVK,2002,1.4166666
SVK,2003,1.4722222
SVK,2004,1.4722222
SVK,2005,2.0833333
SVK,2006,2.1388888
SVK,2007,1.8055556
SVK,2008,1.8055556
SVK,2009,2.4166667
SVK,2010,2.3055556
SVK,2011,2.6944444
SVK,2012,2.5833333
SVK,2013,3.1666667
SVK,2014,3
SVK,2015,2.8333333
SVK,2016,3.0555556
SVK,2017,2.4166667
SVK,2018,2.5555556
SVK,2019,2.4444444
SVK,2020,2.5
SVN,1990,0
SVN,1991,0
SVN,1992,0
SVN,1993,0
SVN,1994,0
SVN,1995,0
SVN,1996,0.055555556
SVN,1997,0.055555556
SVN,1998,0.11111111
SVN,1999,0.11111111
SVN,2000,0.52777779
SVN,2001,0.52777779
SVN,2002,0.52777779
SVN,2003,0.52777779
SVN,2004,0.52777779
SVN,2005,2.0277777
SVN,2006,2.0833333
SVN,2007,2.0833333
SVN,2008,2.25
SVN,2009,2.9166667
SVN,2010,2.8611112
SVN,2011,2.8611112
SVN,2012,2.75
SVN,2013,2.9166667
SVN,2014,2.8888888
SVN,2015,2.8888888
SVN,2016,2.9444444
SVN,2017,3
SVN,2018,3
SVN,2019,3.1666667
SVN,2020,3.2222223
SWE,1990,0.69444442
SWE,1991,1.0277778
SWE,1992,1.5277778
SWE,1993,1.361111
SWE,1994,1.4166666
SWE,1995,1.25
SWE,1996,1.3055556
SWE,1997,1.25
SWE,1998,1.388889
SWE,1999,1.3333334
SWE,2000,2.1666667
SWE,2001,2.3888888
SWE,2002,3.0555556
SWE,2003,3.0833333
SWE,2004,3.1388888
SWE,2005,3.0833333
SWE,2006,3.25
SWE,2007,3.0833333
SWE,2008,3.4166667
SWE,2009,3.6111112
SWE,2010,3.6111112
SWE,2011,3.5
SWE,2012,3.3888888
SWE,2013,3.4444444
SWE,2014,3.5555556
SWE,2015,3.6111112
SWE,2016,3.6666667
SWE,2017,3.6111112
SWE,2018,3.6666667
SWE,2019,3.6111112
SWE,2020,3.8333333
TUR,1990,0.44444445
TUR,1991,0.27777776
TUR,1992,0.44444445
TUR,1993,0.44444445
TUR,1994,0.44444445
TUR,1995,0.5
TUR,1996,0.5
TUR,1997,0.5
TUR,1998,0.5
TUR,1999,0.5
TUR,2000,0.77777779
TUR,2001,0.77777779
TUR,2002,0.83333331
TUR,2003,0.83333331
TUR,2004,0.83333331
TUR,2005,0.77777779
TUR,2006,1.6111112
TUR,2007,1.6111112
TUR,2008,1.6388888
TUR,2009,1.6944444
TUR,2010,2.5555556
TUR,2011,2.7777777
TUR,2012,2.3888888
TUR,2013,2.5277777
TUR,2014,2.5277777
TUR,2015,2.6111112
TUR,2016,2.6944444
TUR,2017,2.7777777
TUR,2018,2.7222223
TUR,2019,2.8888888
TUR,2020,2.8888888
USA,1990,0.83333331
USA,1991,0.83333331
USA,1992,1
USA,1993,1.0833334
USA,1994,1.0833334
USA,1995,1.25
USA,1996,1.0833334
USA,1997,1.0833334
USA,1998,1.1944444
USA,1999,1.1388888
USA,2000,1.2222222
USA,2001,1.2222222
USA,2002,1.2222222
USA,2003,1.2222222
USA,2004,1.2222222
USA,2005,1.2222222
USA,2006,1.6666666
USA,2007,1.6666666
USA,2008,1.8888888
USA,2009,2.3333333
USA,2010,2.0277777
USA,2011,2.0277777
USA,2012,2.3611112
USA,2013,2.4444444
USA,2014,2.4166667
USA,2015,2.4722221
USA,2016,2.9722221
USA,2017,2.9722221
USA,2018,2.9166667
USA,2019,2.9166667
USA,2020,3.0277777
ZAF,1990,0.25
ZAF,1991,0.25
ZAF,1992,0.30555555
ZAF,1993,0.30555555
ZAF,1994,0.30555555
ZAF,1995,0.30555555
ZAF,1996,0.30555555
ZAF,1997,0.30555555
ZAF,1998,0.3611111
ZAF,1999,0.30555555
ZAF,2000,0.25
ZAF,2001,0.25
ZAF,2002,0.25
ZAF,2003,0.25
ZAF,2004,0.25
ZAF,2005,0.19444445
ZAF,2006,0.44444445
ZAF,2007,0.44444445
ZAF,2008,0.3888889
ZAF,2009,1.1111112
ZAF,2010,1.8333334
ZAF,2011,1.5277778
ZAF,2012,0.8611111
ZAF,2013,0.8611111
ZAF,2014,0.8611111
ZAF,2015,0.8611111
ZAF,2016,0.8611111
ZAF,2017,0.8611111
ZAF,2018,0.91666669
ZAF,2019,0.8611111
ZAF,2020,0.91666669
